{
  "backtraces": {
    "mean": 2.4533926632,
    "stddev": 0.034804963342590305
  },
  "big-allocs": {
    "mean": 0.176591686875,
    "stddev": 0.006329187267744716
  },
  "mse": {
    "mean": 0.7929701672,
    "stddev": 0.026615889537335267
  },
  "range-iteration": {
    "mean": 4.2779571954,
    "stddev": 0.04795180865203916
  },
  "serde1": {
    "mean": 2.6164086034,
    "stddev": 0.06291730526924717
  },
  "serde2": {
    "mean": 5.798478193,
    "stddev": 0.08070440346994077
  },
  "slice-chunked": {
    "mean": 0.47576527583333333,
    "stddev": 0.01340186535694893
  },
  "slice-get-unchecked": {
    "mean": 0.784984716,
    "stddev": 0.01936144811041201
  },
  "string-replace": {
    "mean": 0.5457706088000001,
    "stddev": 0.022212161121800092
  },
  "unicode": {
    "mean": 3.4395730980000003,
    "stddev": 0.08725374514703972
  },
  "zip-equal": {
    "mean": 3.023844411,
    "stddev": 0.044728068907096435
  }
}